asset_no,chapter_no,chapter_name,category,question_type,item_no,subpart_label,question_file,solution_file,solution_page_count
001,09,第9章 电路专题,波哥习题集,习题,01,,pb_09-01_question.png,,0
002,09,第9章 电路专题,波哥习题集,习题,02,,pb_09-02_question.png,,0
003,09,第9章 电路专题,波哥习题集,习题,03,,pb_09-03_question.png,,0
004,09,第9章 电路专题,波哥习题集,习题,04,,pb_09-04_question.png,,0
005,09,第9章 电路专题,波哥习题集,习题,05,,pb_09-05_question.png,,0
006,09,第9章 电路专题,波哥习题集,习题,06,,pb_09-06_question.png,,0
007,09,第9章 电路专题,波哥习题集,习题,07,,pb_09-07_question.png,,0
008,09,第9章 电路专题,波哥习题集,习题,08,,pb_09-08_question.png,,0
009,09,第9章 电路专题,波哥习题集,习题,09,,pb_09-09_question.png,,0
010,09,第9章 电路专题,波哥习题集,习题,10,,pb_09-10_question.png,,0
011,09,第9章 电路专题,波哥习题集,习题,11,,pb_09-11_question.png,,0
012,09,第9章 电路专题,波哥习题集,习题,12,,pb_09-12_question.png,,0
013,09,第9章 电路专题,波哥习题集,习题,13,,pb_09-13_question.png,,0
014,09,第9章 电路专题,波哥习题集,习题,14,,pb_09-14_question.png,,0
015,09,第9章 电路专题,波哥习题集,习题,15,,pb_09-15_question.png,,0
016,09,第9章 电路专题,波哥习题集,习题,16,,pb_09-16_question.png,,0
017,09,第9章 电路专题,波哥习题集,习题,17,,pb_09-17_question.png,,0
018,09,第9章 电路专题,波哥习题集,习题,18,,pb_09-18_question.png,,0
019,09,第9章 电路专题,波哥习题集,习题,19,,pb_09-19_question.png,,0
020,09,第9章 电路专题,波哥习题集,习题,20,,pb_09-20_question.png,,0
021,09,第9章 电路专题,波哥习题集,习题,21,,pb_09-21_question.png,,0
022,09,第9章 电路专题,波哥习题集,习题,22,,pb_09-22_question.png,,0
023,09,第9章 电路专题,波哥习题集,习题,23,,pb_09-23_question.png,,0
024,09,第9章 电路专题,波哥习题集,习题,24,,pb_09-24_question.png,,0
025,09,第9章 电路专题,波哥习题集,习题,25,,pb_09-25_question.png,,0
026,09,第9章 电路专题,波哥习题集,习题,26,,pb_09-26_question.png,,0
027,09,第9章 电路专题,波哥习题集,习题,27,,pb_09-27_question.png,,0
028,09,第9章 电路专题,波哥习题集,习题,28,,pb_09-28_question.png,,0
029,09,第9章 电路专题,波哥习题集,习题,29,,pb_09-29_question.png,,0
030,09,第9章 电路专题,波哥习题集,习题,30,,pb_09-30_question.png,,0
031,09,第9章 电路专题,波哥习题集,习题,31,,pb_09-31_question.png,,0
032,09,第9章 电路专题,波哥习题集,习题,32,,pb_09-32_question.png,,0
033,09,第9章 电路专题,波哥习题集,习题,33,,pb_09-33_question.png,,0
034,09,第9章 电路专题,波哥习题集,习题,34,,pb_09-34_question.png,,0
035,09,第9章 电路专题,波哥习题集,习题,35,,pb_09-35_question.png,,0
036,09,第9章 电路专题,波哥习题集,习题,36,,pb_09-36_question.png,,0
037,09,第9章 电路专题,波哥习题集,习题,37,,pb_09-37_question.png,,0
038,09,第9章 电路专题,波哥习题集,习题,38,,pb_09-38_question.png,,0
039,09,第9章 电路专题,波哥习题集,习题,39,,pb_09-39_question.png,,0
